Date,Round,Match,Home,Away
2024-10-05,7,Everton 0-0 Newcastle United,Everton,Newcastle United
2024-10-05,7,West Ham United 4-1 Ipswich Town,West Ham United,Ipswich Town
2024-10-05,7,Manchester City 3-2 Fulham,Manchester City,Fulham
2024-10-05,7,Leicester City 1-0 AFC Bournemouth,Leicester City,AFC Bournemouth
2024-10-05,7,Brentford 5-3 Wolverhampton Wanderers,Brentford,Wolverhampton Wanderers
2024-10-05,7,Arsenal 3-1 Southampton,Arsenal,Southampton
2024-10-05,7,Crystal Palace 0-1 Liverpool,Crystal Palace,Liverpool
2024-09-30,6,AFC Bournemouth 3-1 Southampton,AFC Bournemouth,Southampton
2024-09-29,6,Manchester United 0-3 Tottenham Hotspur,Manchester United,Tottenham Hotspur
2024-09-29,6,Ipswich Town 2-2 Aston Villa,Ipswich Town,Aston Villa
2024-09-28,6,Wolverhampton Wanderers 1-2 Liverpool,Wolverhampton Wanderers,Liverpool
2024-09-28,6,Nottingham Forest 0-1 Fulham,Nottingham Forest,Fulham
2024-09-28,6,Everton 2-1 Crystal Palace,Everton,Crystal Palace
2024-09-28,6,Chelsea 4-2 Brighton & Hove Albion,Chelsea,Brighton & Hove Albion
2024-09-28,6,Brentford 1-1 West Ham United,Brentford,West Ham United
2024-09-28,6,Arsenal 4-2 Leicester City,Arsenal,Leicester City
2024-09-28,6,Newcastle United 1-1 Manchester City,Newcastle United,Manchester City
2024-09-22,5,Manchester City 2-2 Arsenal,Manchester City,Arsenal
2024-09-22,5,Brighton & Hove Albion 2-2 Nottingham Forest,Brighton & Hove Albion,Nottingham Forest
2024-09-21,5,Crystal Palace 0-0 Manchester United,Crystal Palace,Manchester United
2024-09-21,5,Tottenham Hotspur 3-1 Brentford,Tottenham Hotspur,Brentford
2024-09-21,5,Southampton 1-1 Ipswich Town,Southampton,Ipswich Town
2024-09-21,5,Liverpool 3-0 AFC Bournemouth,Liverpool,AFC Bournemouth
2024-09-21,5,Leicester City 1-1 Everton,Leicester City,Everton
2024-09-21,5,Fulham 3-1 Newcastle United,Fulham,Newcastle United
2024-09-21,5,Aston Villa 3-1 Wolverhampton Wanderers,Aston Villa,Wolverhampton Wanderers
2024-09-21,5,West Ham United 0-3 Chelsea,West Ham United,Chelsea
2024-09-15,4,Wolverhampton Wanderers 1-2 Newcastle United,Wolverhampton Wanderers,Newcastle United
2024-09-15,4,Tottenham Hotspur 0-1 Arsenal,Tottenham Hotspur,Arsenal
2024-09-14,4,AFC Bournemouth 0-1 Chelsea,AFC Bournemouth,Chelsea
2024-09-14,4,Aston Villa 3-2 Everton,Aston Villa,Everton
2024-09-14,4,Manchester City 2-1 Brentford,Manchester City,Brentford
2024-09-14,4,Liverpool 0-1 Nottingham Forest,Liverpool,Nottingham Forest
2024-09-14,4,Fulham 1-1 West Ham United,Fulham,West Ham United
2024-09-14,4,Crystal Palace 2-2 Leicester City,Crystal Palace,Leicester City
2024-09-14,4,Brighton & Hove Albion 0-0 Ipswich Town,Brighton & Hove Albion,Ipswich Town
2024-09-14,4,Southampton 0-3 Manchester United,Southampton,Manchester United
2024-09-01,3,Manchester United 0-3 Liverpool,Manchester United,Liverpool
2024-09-01,3,Newcastle United 2-1 Tottenham Hotspur,Newcastle United,Tottenham Hotspur
2024-09-01,3,Chelsea 1-1 Crystal Palace,Chelsea,Crystal Palace
2024-08-31,3,West Ham United 1-3 Manchester City,West Ham United,Manchester City
2024-08-31,3,Nottingham Forest 1-1 Wolverhampton Wanderers,Nottingham Forest,Wolverhampton Wanderers
2024-08-31,3,Leicester City 1-2 Aston Villa,Leicester City,Aston Villa
2024-08-31,3,Ipswich Town 1-1 Fulham,Ipswich Town,Fulham
2024-08-31,3,Everton 2-3 AFC Bournemouth,Everton,AFC Bournemouth
2024-08-31,3,Brentford 3-1 Southampton,Brentford,Southampton
2024-08-31,3,Arsenal 1-1 Brighton & Hove Albion,Arsenal,Brighton & Hove Albion
2024-08-25,2,Liverpool 2-0 Brentford,Liverpool,Brentford
2024-08-25,2,Wolverhampton Wanderers 2-6 Chelsea,Wolverhampton Wanderers,Chelsea
2024-08-25,2,AFC Bournemouth 1-1 Newcastle United,AFC Bournemouth,Newcastle United
2024-08-24,2,Aston Villa 0-2 Arsenal,Aston Villa,Arsenal
2024-08-24,2,Tottenham Hotspur 4-0 Everton,Tottenham Hotspur,Everton
2024-08-24,2,Southampton 0-1 Nottingham Forest,Southampton,Nottingham Forest
2024-08-24,2,Manchester City 4-1 Ipswich Town,Manchester City,Ipswich Town
2024-08-24,2,Fulham 2-1 Leicester City,Fulham,Leicester City
2024-08-24,2,Crystal Palace 0-2 West Ham United,Crystal Palace,West Ham United
2024-08-24,2,Brighton & Hove Albion 2-1 Manchester United,Brighton & Hove Albion,Manchester United
2024-08-19,1,Leicester City 1-1 Tottenham Hotspur,Leicester City,Tottenham Hotspur
2024-08-18,1,Chelsea 0-2 Manchester City,Chelsea,Manchester City
2024-08-18,1,Brentford 2-1 Crystal Palace,Brentford,Crystal Palace
2024-08-17,1,West Ham United 1-2 Aston Villa,West Ham United,Aston Villa
2024-08-17,1,Nottingham Forest 1-1 AFC Bournemouth,Nottingham Forest,AFC Bournemouth
2024-08-17,1,Newcastle United 1-0 Southampton,Newcastle United,Southampton
2024-08-17,1,Everton 0-3 Brighton & Hove Albion,Everton,Brighton & Hove Albion
2024-08-17,1,Arsenal 2-0 Wolverhampton Wanderers,Arsenal,Wolverhampton Wanderers
2024-08-17,1,Ipswich Town 0-2 Liverpool,Ipswich Town,Liverpool
2024-08-16,1,Manchester United 1-0 Fulham,Manchester United,Fulham
